Falafel Burger,"Malbec, Merlot, and Zinfandel are great choices for Burger. Merlot will be perfectly adequate for a classic burger with standard toppings. Bolder toppings call for bolder wines, such as a malbec or peppery zinfandel.","540 milliliters canned chickpeas
2 teaspoons tahini
½ teaspoons sriracha sauce
3 cloves garlic
3 tablespoons fresh parsley
¼ larges diced red onion
4 tablespoons peanut oil
8 slices cucumber
8 slices tomato
4 hamburger buns
some tzatziki
",":1.Pat the chickpeas dry with a paper towel and throw them into a food processor along with the garlic.
2.Puree until smooth.
3.Using your clean hands incorporate tahini, sriracha, parsley and onion into the chickpea mixture.
4.Form mixture into four patties and set aside.
5.Heat peanut oil in a large skillet over medium heat.
6Once the oil begins to shimmer add the patties and cook for three minutes per side or until golden brown.
7Remove from and place in a hamburger bun.
8.Top each burger with 2 slices of tomato, 2 slices of cucumber and a dollop of tzatziki.
9.Serve immediately
",Italian,Veg,https://webknox.com/recipeImages/642539-556x370.png,2
 Asian Noodles,"Asian Noodles might be just the main course you are searching for.
","  2 mediums carrots
½ cups cashews
12 ounces dry egg noodles
2 teaspoons fresh ginger
4 ounces fresh shiitake mushrooms
1 garlic clove
1 green chile pepper
1 tablespoon hoisin sauce
2 tablespoons peanut oil
1 medium red bell pepper
3 tablespoons rice wine vinegar
2 green white light scallions
8 ounces snow peas
","Cook noodles according to package directions; drain well.
Blanch snow peas in boiling water 1 minute. Drain and refresh in cold water, then pat dry. Transfer to medium bowl. Add carrots and scallions.
In medium skillet, heat oil over medium heat. Add garlic and chile pepper and cook, stirring often, 30 seconds. Add mushrooms and cook, stirring often, 2 minutes. Add mushrooms to bowl with vegetables.
This recipe yields 4 servings.
Comments: Once the vegetables have been sliced, this tasty main dish salad can be thrown together in minutes.
Serve these noodles with a packaged miso soup mix.
",Chinese,Non-veg,https://webknox.com/recipeImages/632854-556x370.jpg,5
Beef rolls with vegetables,"A mixture of wine, olive oil, onion, and a handful of other ingredients are all it takes to make this recipe so yummy.","500 grams bacon
300 grams beef tenderloin steaks
1 carrot
2 stalks celery
¼ cups dry white wine
3 Tbs olive oil
1 onion
500 grams tomatoes
",":Beat the beef steaks lightly, season with salt and pepper.
On each steak place few pieces of bacon or cooked ham.
Arrange celery and carrot onto bacon.
Fold the steaks into rolls, secure them with metal or wooden toothpicks.
Heat olive oil in a deep pan, fry the rolls until they are golden brown on all sides.
Add onions, saut briefly, then add the wine. Saut for another 3-4 minutes until wine evaporates a little.
Add tomatoes, reduce flame and cover the pan, simmer for 30 minutes or until the meat is quite soft.
Before serving remove wooden or metal toothpicks from the rolls
",British,Non-veg,https://webknox.com/recipeImages/634658-556x370.jpg,6
 Tagliatelle with  Pepper ,"  Basil Tagliatelle with Roasted Red Bell Pepper Salad is a gluten free, dairy free, paleolithic, and lacto ovo vegetarian recipe with 4 servings.","7 ounces whole wheat basil
10 mediums red bell peppers
4 garlic cloves
4 tablespoons parsley
4 tablespoons horseradish
2 green onions
4 tablespoons lemon juice
3 tablespoons extra virgin olive oil
1 teaspoon sea salt
⅓ teaspoons ground pepper
"," Roast the red bell peppers.
 After they''re ready, peel them and cut them in thin, long strips.
In a large bowl mix the pepper strips with all other ingredients except pasta.
Add water in a large pot and let it boil. When it has reached boiling point add the pasta. Check the info on your pasta package to see how many minutes it has to boil.
Mix everything together. Serve!
",Italian,Veg, https://webknox.com/recipeImages/634437-556x370.jpg,1
 Easy Chicken Tikka Masala,"	Easy Chicken Tikka Masalan is a main course that serves 4. One portion of this dish contains about 38g of protein, 20g of fat, and a total of 371 calories.","		3 chicken breasts
4 tablespoons grape seed oil
1 large onion
2 cloves garlic
1 teaspoon garam masala
1 teaspoon cumin
¼ teaspoons turmeric
⅛ teaspoons cardamon
¼ teaspoons cinnamon
2 teaspoons fresh ginger
½ teaspoons cayenne
1 tablespoon paprika
1 teaspoon tomato paste
1 tomato
½ cups plain yogurt
","In a small bowl mix all the spices including the ginger. Set aside.
In a large saucepan, heat the oil .
Add the onions and cook until golden brown.
Add the garlic and continue to cook for a minute.
Stir in the spices and allow the flavours to infuse.
Stir in the tomato paste.
Add the chopped tomato and pour in the water. Simmer and season with salt to taste.
Add the chicken pieces stirring well to coat the meat with the sauce. Continue to simmer until the chicken is cooked and the sauce has thickened, about 12 minutes.
Stir in the yogurt and continue to simmer 5 minutes.
Garnish with chopped fresh cilantro
Serve with basmati rice.
","Indian
",Non-Veg,https://webknox.com/recipeImages/641908-556x370.jpg,7
Philly Cheesesteak Grilled Wraps," This recipe covers 25% of your daily requirements of vitamins and minerals. It is brought to you by Foodista. From preparation to the plate, this recipe takes approximately approximately 45 minutes.","2 steaks
1 tablespoon vegetable oil
2 onions
1 teaspoon beef base
2 portobello mushrooms
2 bell peppers
some mayonnaise
4 tortillas
",":1In frying pan over medium-low heat, add onions and cook on low until caramelized (when done properly, this takes about 30 min). Add in the Better than Bouillon Beef Base and a tbsp of water to make a faint gravy.
2Add in the mushrooms and bell peppers and cook until softened, about 5 minutes.
3On tortilla, spread a thin layer of mayonnaise and top with a few squirts of hot sauce.
4Pile on the steak and vegetables.
5Roll up, making sure the ends are sealed.
6On griddle or in large frying pan sprayed with cooking spray, over medium heat, add the wraps, seam side down, and put something heavy on top (like a smaller frying pan weighted down with something heatproof) and grill until toasted. Flip and repeat. This would work well in an electric grill (like the George Foreman or a panini press)
7Once finished, pull off and let sit for a minute before slicing in half.
8Enjoy the happy faces around you :)
",American,Non-Veg,https://webknox.com/recipeImages/655890-556x370.jpg,8
Gar. Lemon Shrimp Salad ,"Garlic Lemon Pepper Shrimp Salad (Clean Eating) might be just the main course you are searching for. This caveman, gluten free, dairy free, and primal recipe serves 1
","3 stalks asparagus
2 garlic cloves
1 green onion
1 lemon
some mixed greens
some olive oil
8 shrimp
½ cups snap peas
","Heat a skillet over medium high heat, drizzle with Olive oil.
Add shrimp, garlic, asparagus, pea pods, green onions and a pinch of salt & pepper.
Saute for 5-6 minutes or until pink and cooked through.
Squeeze the juice from half a lemon, add a pinch of pepper and mix well.
Add mixed greens to a bowl, drizzle with Olive oil and juice from the other half of the lemon.
Sprinkle with a pinch of salt & pepper. Toss.
",Japanese,Non-Veg,https://webknox.com/recipeImages/796684-556x370.jpg,10
Mexican Bean Salad,"A colorful, spicy, and refreshing bean and corn salad.","1 (15 ounce) can black beans, rinsed and drained1 (15 ounce) can kidney beans, drained1 (15 ounce) can cannellini beans, drained and rinsed1 green bell pepper, chopped1 red bell pepper, chopped1 (10 ounce) package frozen corn kernels1 red onion, chopped1/2 cup olive oil1/2 cup red wine vinegar2 tablespoons fresh lime juice1 tablespoon lemon juice2 tablespoons white sugar1 tablespoon salt1 clove crushed garlic1/4 cup chopped fresh cilantro1/2 tablespoon ground cumin1/2 tablespoon ground black pepper1 dash hot pepper sauce1/2 teaspoon chili powder","In a large bowl, combine beans, bell peppers, frozen corn, and red onion.
In a small bowl, whisk together olive oil, red wine vinegar, lime juice, lemon juice, sugar, salt, garlic, cilantro, cumin, and black pepper. Season to taste with hot sauce and chili powder.
Pour olive oil dressing over vegetables; mix well. Chill thoroughly, and serve cold.

",Mexican,Veg,https://images-gmi-pmc.edge-generalmills.com/41b75a7e-a1ab-4101-8d85-cf398612fa7d.jpg,14
Waffle Sandwich,"Kuttu Waffle Sandwich recipe which is not only fast-friendly, but lip-smackingly delicious.
Recipe Ingredients:1 cup buckwheat (kuttu)","1 gm chilli powder
1 tablespoon sugar
1 1/4 cup buttermilk
water as required
1/2 teaspoon sendha namak
100 gm potato
1/4 teaspoon cinnamon
4 tablespoon coconut oil
","To prepare this recipe, start by taking a deep-bottomed pan over medium flame and pour water in it. Add the potatoes and boil them till they turn soft. Peel them up and dice them up using a clean chopping board. Keep aside for later. Preheat the waffle iron.
Step 2
Now, take a large bowl and add the buckwheat flour along with sugar, sendha namak, and cinnamon. Whisk them together. In a separate bowl, add buttermilk along with coconut milk, and mix them well. Pour this wet mixture into the bowl with the dry mixture and mix them together to form a batter with just a few lumps.
Step 3
Pour this batter onto the preheated waffle iron plate using a ladle, and close waffle iron. Cook it till the waffle is barely letting off steam and is lightly crispy to the touch. When done, transfer it to a plate. Repeat till all the batter is used.
Step 4
Now take the diced potatoes and add the chilli powder and sendha namak. Mix them well together to fully coat the potatoes. Place them between two waffle slices and serve warm!
Step 5
Transfer them to a serving plate and garnish with edible flowers and micro-greens. Enjoy the delicious Kuttu Waffle Sandwich!
",Continental,"Veg
","data:image/jpeg;base64,/9j/4AAQSkZJRgABAQAAAQABAAD/2wCEAAkGBxMSEhUTExMWFhUXGB0YGBgYFx0fFhoYGBkYGhcaGBsZHyggGholGxgYIjEhJSsrLi8vFyAzODMtNygtLisBCgoKDg0OGxAQGy0lICUtLS0tLSstLS0tLi0tLS0tLS0tLS0tLS0tLS0tLS0tLS0tLS0tLS0tLS0tLS0tLS0tLf/AABEIAMIBBAMBIgACEQEDEQH/xAAcAAABBQEBAQAAAAAAAAAAAAAFAAMEBgcCAQj/xABJEAABAgQEAggBCAgFAgYDAAABAhEAAyExBAUSQVFhBgcTIjJxgZGhFCNCUrHB0fAXM1NygpLT4SRDYpPxFWMWRHODorIlJjT/xAAaAQADAQEBAQAAAAAAAAAAAAAAAgMBBAUG/8QAJhEAAgIBBAICAgMBAAAAAAAAAAECEQMSITFBBBMiUTJhFHGRBf/aAAwDAQACEQMRAD8Ag9MenGNwuZYjCyZiFI1INQrutLClJDFk1JJpcDmDBV1i5tqcKw4FO7oJFCo71soD+FPNxnWjh0y86mgPUJUSSX1KlB77chQQIkzS94ZKyc5NcBs9Lc3UkA4pBIDBTd5nc2TpJNO8Q/dDEVeLj89zSdq7TFAhadJAoNJLkMEtX+1oalKaHO2TD6ESeWRxgs1zSSO5jFBgEh1qLJGpkgKDN3jd9uAhYrptmpUO0xKVaS/elSyNx+z4Ej1juWgKqTA7HSDqBAjJwpWhoZG3TOkdLsySVKGKUCttTAaSxUQ6dLfSNGr6CHsF06zWUhMtGMVpSGGoJUWv4lIKj6mB3yZfARyMArlENTOig+nrLzdIKTigX3MqW48joh8daWa6tXayjQhuyS1d6C8Vo5criI6Tl6+IgtjaSzjrXzQEd+Q4SUv2d3+keYuNuRiQrrZzQhicM+ln7NQL/WoW1fDlFQOWqJuImTcgmJAJUkuILYtMsiet3Mx9DC+ehb//AHhr9LeaO74fy7Mt9r/GK2nJpg3EIZSqM1MKDy+tbNC41yWc/wCVZ7AE7DZ+NXiJj+sTM56Fy1TkJCwQdCAlTENQgd3zFYGnLSNoZOXLFhBqYUFUdOczASnt06UlwnSAKkk1ABq5F6CzQ+esDNioKGJSnkEJ03Jtprdq7QE+QTDcR2MEsXFINTMLBlmLznES+7jRQaQpSz2gDuQFhL14kuwa0P5hk2czQe1xiFak6T84fC4JFEBgSA/HeCfRANJ9fvizMTEJ55Rm0d2Px4SimzPsHkGcSh83iwlgAGnKcJGpkpOlwO8aCJ6056pQUrFy1EEkatJFQQaGWxoTF2EswuyIrCPyZj/xcZSsPg88SFBOLlgL8Q1UJ06X8FCzWaw4CH8b0kz3BIlpmYiQoMACUhSiw+kopdRIFSamsWxYMVjp0rUJQ/NofDmlOVMnmwRjG0QkdaWbMx+SmoqZZdhtQgMfJ6xwvrTzNzTChww+bUyeaXVfzeKsqUoFgIaXhlkvpMV1yOOi2r6zc2JJSvDpdvDLLBtxqep3fhtHczrMzZVdWGFQQ0s0a4FbHn6NFTRIUNjCCJnAxjnIKLX+kzNzQKwwPES/xiP+kXOPD28pzv2SXFNiE7RXRLL7w52fnGeyQUWlPWFnNjOw5fjLH3Jj2R04zmUnvYqQsNZSHVTgdIdW1T+MVmo3h9KiaFrfdC+2QUfRGXTVmVLMxQUspGpSQQklqkAlwOVYUQ+juK7bCyJoLhcpJBLuXAqdVX5m8KOkwxHrZQEZ0s6AHQgmni+bqTz/AAgTKXKPIxYOtZBm5yEsR8wkB2qyVl6fmkU/FZdMTUi0UjdWSnTdBlJYgs43iWcRLSHIBEA5GJOmptESdiXh9dEfXbLNh80kLOlmiDnCBZB3pAKQe8IsU3JZ5CFi1+cGpyQ0MajNblcxCFhQqfjHRUoUJPvBDMEKlka77RB1dopLXeOamej8bpDWIC6VPuYeUhYDkkepgljE6G1tW0LMsKoyrhtoWyvrSBUxKtJLn3hYXXpdzBTCyD2TkUjrDK1JOgBoLF0dg5ClbEwzJWvUamJ2XSlBSqbw/IUNZYDVvBZqx3uQhMXxMNTJ8zUBqIidiJCjNSwqdoNYfICsgzCJbWoST9wjNVGrFq4ASjMAfUYUtcwmpLRcV5NhV6UFay+4IFuMRsdgMNKQ7zNI3dJ9bWvCrKrKPxnXAdyGQUyE84Ny3YViu4DPJWhKApLCgL182HlE/BZn2p0yjqIvpDte5sLbtHPkSlNtF8eNxgkwxXjDU/GS0+KYkctQf2gbidbNM32J/CBJUg0EgHegLNuzEmNWJdsZp/QdXm0kpJEwMK+dSGG70tATP5qJ5QELAUEuyn5B6A0ciGlGSkuuUw07KUEu7Wblv7cW0YeWQWEzUrwkK+5qxbHjjB2mSmnJU0BZmT4wFRQETGuELBO+zgk0NhtAqZmEwDm7GnC8W6XgTKOoLWkUZLsS5fvVGwet6xKOVYfEhSiCmaSSFCxYAOtLsztWhuXjdYkvGtWijJzJf5EdpzRdqRIzSSA40lKg4IOxFxHWGko0VB1cYbUS9VukRRmin8IiQnNv9AjuTgUC8Q6Cbp+jApWa8OlfIenZqRUoEdDMx9QQsZg0qI0mkSZmElJlku5Ag2E9fJrvVdje0y2Qe84BSruEBwfosGIZqj7XjyK/1R9HBOy5Mw/SWttRmCzAsELZnBjyLHKVLrXxBRnalkEAIQ3dAp2ZGx73ma7bRBzDNO0l91uZgl1pZbMxGdGTKCVzFykkJSaumWokKcsFMknyaFlXVhjiQVlEsbglz7UjfZpVCSxa9ymitBXnD8nBveNUwXVYhNVzieSQ0WHB9CsJL/ytR4q/vC+yKG9M2YgjLtK0l6ReMjTMWlglRa1PxjT5WVy0hkykAeUPIwrWSB5Qq8lRlaKfxtUakzD53QfHYmctakMCaEnbZoJYHqxxCVOVoA+MbB8mPD4x4MLy+MSlmstHEk7M6/RkFhpk4+n/ABBOR1b4cJAK1n1i14wy5SCtZ0pFyT7DzeAOI6QSwQEFLn6JV3mLsSAWAob8ITWdCi29iKrq6wxDa5jecQMR0AweGllSpy0ofjcmwHEwcGcqI7iRzOp/YU+2ImJmrWxWjVdtbBI/B+TmM1jrE73KirKMGFAdsp1FkpSoay9qN/aIismw0omcDMUg/wCtI1eVLc6bQflYKUjtF4hSUqXTTLfw1IRLeqnapo8c4Loquc5mqVKleXzhDAAMX0DmeNt4xtllGPaOsomYfSFypSdXFRGo+Sln4iCcyY9FaQbUY15HeBxylGFX/h5aigMNSlav5dwAH96R1JyqfiCQEFmdJdkjmo7eQeFTY1JI9RlMhBUplLWoMVKJoHegA3IG0A82ySct0oUjQe6ApRDAmhtev9osycLipGjt+yKHYqCiQB/EAolhYQsZjJCQ4SAk1Ics1LqJYXsx84VTp0a4poA4fq/lSpWo4xaplmlhIAJuKufWJIx/ydAkJTo0h2Sal6alE1JLmv8AxErCZzLm6gA2gVYgjk2ny8uceyUJmuQiWtDsSsFknnqFDQWNo2ck+QhHTwV/MMWpelKACovpRUlVLuK3O7Q1hOiuKAClTpcoLWxSQeOzMVUFotuAwaJBKZaUB/EyVOb/AEip2h6fhO0OqYzbDkLONg/G+8F9I1q3bB+EyiRLUHSrEzN5k39Wn91Ipfi55xM+SykAqopZBc7egAYWhxWJQkHQEjgQaki4A9R7wDzaeRK7ZylyAQ4KgCbs5FK1rteBJgMZmpSlNV+HlyPvHK8KqVJStRJKlBAILg2BTwLB+VIiZnjilVEoCSCFDSFAoPhKtQvvRzU2jvozl6sZMRKR3JaVa1Lbup2cPY1YDcmNVhJpbsazfBzZqipMlakGuoB3O9d6vESbhJ2huxWP4T+EfQeBRJShKJWnQhISAGLABhDq0o+qPaL0cDy/o+csoTMAOuWo+Yb7RDicKgTNaknyaPoLsJX1B7RwrAST9BPtBZqyLtHzrmc0dokJDAmoiXiEyygpAILX/Jjd5uQ4VRcykH0hjF9GMIUqeQix2GwgsXWt7M/6r8etOXSUoWsaSsEBDgEzFG4B2IhQb6osAoZXIPbKAWVqASEsAVqDVdy4J9YUdBwbgHMVFXSuWHNJJAbh8lWftJjS+wfcxkeTK19KhVZB7RitTqrhlndRYVokMAGYARtnYDjEMqbZfE0kQ0SwI7pEhWGEMYpUpCSpaglIuYjpK2meUjzUIruI6X4ZC9HePNwCObEuPVog43pnKCSQdAA+lVf8IFD6ExlFVjbDeNz6WhRSllqF60HInjA1XS5SUkqw5DWOsaSOO5ipSMsKx20kqQpbqZZ8Tl6i6SXiRKzJSZhTPSRWitvcfRd6xriVjjiTMfnsvEJeatOgG2wI5Xe8A05AcXPEySjskMGWquoDUXSjdybmkWWRJkqKFKRLWrxJOlJY7eJ1cLbiHpuInG2hQOzMrlb2aMb6KqKXBXsVhZ2HSoFImJ8NHCeVOZYHziNKzZaEtiUr1H6QcBLkMHZmYs7cYseLMxRHalwk+EUSwPOhPnDkvCSwVKUSUqqXNLACptR684Tbgfflkb5TKlpK1Ft6s4c0s0c/9RS/cqk1BKnT9zfGBuc5SZlJA0pJqpSu4G+qHcgM3m8OyshUkEpmzVEnwMjiD/COdT6xjvoZV9BSRJKlOUkt9EkaX487GCCszWkEJSARbvBrfCKx0hz4ypegJ7GrOQCxr4T5i7GBuSZmlQKZnaIUahRWoOkcKm9ac9zZncVYtKWwfzqcFo1TO+QWBDhIJFQCVNwqT5wAl4Jc9QGgTlBRc1MpHBzZS+dQ9hFjM5JSNLq+gTSqnZmHi3c8Y9kYtUtICKO6tISGvU2YC/GxhdXY2l1SBs7ov2bzRPKFs3dSNLbBixYeYhyVOVOGkgpQ1iSCpxv9+1qM4iTPWuYqrPzJtvtw2HCBmPzKTLKQCNZBZ/H3mdjcWqOSeEZs+TafBOmY0S2epdmAu9gKgCvu1t4G5jnGopACUrYsop8JazgeY2vAPM89KVaUpBIrZkkBwdSnBNPcwIVPUWC1AAB+8zueb8/gIqlJmfFbBqfmg1EqXqpZAOl2oSSTxsBvs0Qs0zcqkhExkgoAa7gEKAHJwPO0DsRjkBwl2IqpmBpYB61/PAQZ61qckcAGpZmaHjDe2SyZklSJK8wKx3yrSPDxJag5RauimMUJTaQEC4+seL8Wb2irDDnU6yO7QCz2+P4RPwmInLXoSAhDhwwZgGIJHetGz+kLjb5ZpvQKcZ+JIkKARLAUogEpKVAgJuA5Nv3XjTlJjLehmcycFJPZStWo98gd4s7AH6ocsD6xouXZxKnoCkHzSbg8CIzHJUR8mM9VtD0wNHDw724NmMeiaOEayO4ykgwp3hV+6fsh8TE8I5nqGhTfVP2GMMb2K51YgJyrBhlD5p6n6ylFwxsXpCiJ1XKlnKsLUUQQdKnYhand7HlHsdZxlFy1IT0rCAoqCEqQHLsE4NQ0+lveNkxONRKDrISOe/kLmMJ6LTjL6SasQrwmcVEamYyJhASFOre0GOnfSJasQop8DAS0kuyWDuBYkufJojlW9nT48NWxoyumGGJ0ib3tk6SCfJw3uYA9IJxxqQlyhKFaksauAQ6uNCaRn+XZUVBM+aUoAIKXTVQB4HYxZ8tzRJWEOFKPgCbkgFxWtg7xK1Z2LDW6ARyCVKnAq7Vbhyg1ClP9dLa3DlmB2hYadOnzSiRK7Ls6khPfDvQJAdyHpF7W0xJQsJa7J2bcG4POB81U2V36rTYqbvs7AH6wFTWFl+i0f2QMD28wK7XtEpBZJUwUqniYDUK8f+ZOHwaUgqWsaOBUVP6qqCTtWB0/C42YQZc5ExCndhVG7KRc0s199oOYTAypEoqnELms5WSEy0OO6wZylqnVcu0Le9m3WwDn4dIXqkqUkksygQDclnoR6+kFsvzRcpIVMS4Io9a0ALtb7IiHpFhFHSSC7MVAkE8u6HrsBwggqVPngMjspZ3mABak8kXSP3mPIbr+zW1wzqVnCVvqUkVYVLs3HSOFRtxicjKEliyC9XYcvzWBE3JDVKVEOWLiwoXo3wH3xGzGZPw4oolPL7KFwPwjNza+mGcZJIDAg+ZYsODWt/xERWIMsMlGkcaaa3s5PwgZhs7C3GsakiqFNuwbUKBu9RQfu3gvKlpIUdYYMdiODA1q54mwjaBP7Bs3vTELUpCyLdoW0C/cSE3LANfmYKBMlYGuQlWmgUaNwLs5Zv7w0cKhypSmFCBuXoHSKVexG8CM46UYaUTL7ZJUGelQ4f8AdN9oKbZrcRyXgjrDLPZkgaXYlLMxoWQ3Dam8c59molakSgGD9ppYd6lWrxbSfhSKrOzzFT5i5WHSmlSoElYBIDliajcenKBmCk4xUwqmO6nLk3Gl3KUvQ+VX84f1t87CLIk9rYex+eK0AUclw9XDgkuX4MzC54xAm5sFqCWQSEB1d0AFVSGF7A/xHziCcApK0l0Kl7s4NaBxcVqfL24OHlFetUxKSiqUIFHF9RJFTtDRjFGynN9EiZjJSCVS0upRLktZ6lb2Pkd4FYwrmL0M6idLJrWwA0kv6P6xJxs1JIUE6QXZvpEFiXrXb0jzCr1zKMFqohWopSnulOmpIAVapv5w8a7JztqkczcKiWezIBVTUpwoVAUOzGncEB1CkeYHDpHdup352IoK+8eYaQpalAd0u5JtW/8AFu8TcFlylKKkJdyXJfu1s5vSCc+gxQSdsdwmXrmzgpNgxJNhw8y20GtCJJNyTcqZz7WjnC5VOUO5qId+7u/2mJGEygFTFQcHvalFx5g1ERtdstv0hvAZrLkgtK1h3Lk78IML6SLIR2EvQncbgmxpcPD0+RgkjSZoSTav2Up6wLViZMpXzRMwjgBp9TvCKvob+2WXKMfjAxJBfkAD7xcsDiipIKgyt6/GMumZvPUGSAnmaqHlYD2g10STjO0Kla1psrUwSRsRDRtPclmgmtv9NA7Uco9mzE6Vfun7DDacMSHankYZnJZKu7sfsh9zhaTAvVHiAMpwocnuq31N84ulLeW0KOeqgBWU4TSU+FQPn2i4UdtHCZdmYH/iJeou5WFcH7BQYUFBQcqhyzm2T8nw6D2q0AK0sTVT3LgXdjb4QFxyBM6TDvFQWhbvdLSJoI8IpSl6KFXtZpiTLV2anB+g5YlIr6kb+UQyNXR6Hi/gVPC5dicW/Zt2SH1TZtEJA3VxUBt90TpPR3DyCmbPnrmKBBTp7g5FhVmPEUNosOJWpUlUmoBd9IqTdgBUuWeGsh6M9oorxC9JCdbP3gnvAk7CqT/LveOffo6263kDzn2gBOmaUltPh8gAXJP5rB6TjSaEEAUANHDb13e/xhvGzpEl+ykggu61DUWFaubf6efpAyXmYSFTDKWAklIdN6PR6g+ZaFuuBkrQQ/6eU9+SrsybpHhN/wAfjENSE4o6SsypwJB1EFBJuU7FqhgXpyiZlmPGIldoBpaqnLgB1Xa/h2pHSctllAlhLIoEsNgXcG+6i/E1jNugHcBlsvC/92ZbUa6RcEBShVuFd6CIeNz75zs0la5jCiEggPYFVEp8n3hvEyVYcHu9qhSSFVZQfmBejeQh/JMfISohCNKlHV3mJDAABJ5JoA1G98T+w09rcS8dNbSqUUKIcaiASCW1EByHNnYEg1o8R50oh9ZCtP0nABB0vQEsXpd2A4kwbGJAJMsg8VULlrqUanxXDAPSBy8OFq1DSGYuSEpcmlACX82241azI/bB0nLO0KjMYS2YE1IqdWnkW23hudhJiJgVLcoSdRewASpiSaAgkcOO0T8wzWWjurIfYByVtfSBUilQPhFYxGY4jMFLlSU9hISwmEgiapz4aVDipFHA3hkrW4OVETNc+QtayVTCmUlgE+EvdZqBqsHDsBFXwGUjEoWpKla02dglRZ2dW7njBcZIZC1aJ+pQSNeoMA+oEDvGoUlq7GO5eGKlfNoYCiQH0j/VX3b7IfUor4maNf57I9CUyEdmkJLEEqTfUAQSFCrd63B+JgScSpamUXc6jqA90nY/nYRaJPR6asP2ZL2qwaK/0gybES1OEFqlkh4WDt7jTklH4kXFSAASuYbsABUgcfbbhDMiSEpIB1WcvQmpPnb7Ify3DawZs2oLADYkkDd6Vf0PnDmOQJadASAUlyqrkKFAx4D1iy+iLT5I6sOVEBNKVPP7Q9KQ4vDFCX1DW1hVTcgLC0eonfRS3h7hY7jcGtXJ9YbmzAAmvfYggfRr4nG/Lb2jHvsamoqydLQsATFrA4ORqpuz1Dw/h870EBJSluAqfTb2ivLG6i55uTEnLpGo90Cpq94PWuyfuk3SLlhOkxNCVn1IpwBBiHjJi5qm1lIJZtVT5mOU5Qoyy2nURc0bygNjflMhu0S3+oMUn1/4hKXRVya/IsuDyRCXURqMOy1hCykhmDsH+2AGW5zMUxBPs4+EWBOfGYlpsqXMozqBCx6iEamyqlBcBPB5vIBKVy0qB5V5l7vBsdJZclkykqNLVZPCpioYHBLm+FIDb+fMmsFcpyUqJM1KwAad4AE8yHpCKKXLHlUui+dC8+XMUuXNS1e5f1BeLVjB82v90/YYouXiXLACBpI4XcVvvFuwuNE2QqpKkoIU4bvaa7N7R14pWtzyvLxVLUildTK//wATh9I3mO6gHPardq2jyK31RrSnLkviUJeYs6TMIKasxHaC7aqAeL1PsXOMDTpc1HSVJWULWylOmmoCStrDxaQ3Nrm8aXnGAE5AYspPhO7sCQfNxFIzNP8A+1SndjKN92w8wP5OOUaAoFOoKNCXSeBIqDSg3B9No5sy3O7xn8StYfYkKd+8AKpY18rH3eJOZYpapJlk6CoByb3tysH4+8EJ+UAB0uVXFSRuGIGzU9IEhXaEK0v62Pw+3jHPv2dlqQAxvSBCTLlSkBZpeqyasTxJJt7NBadla8QUqn6UMP1YHeA/1NbbiYlJkypajPlISJikaU6iQEnY6CKVNQLtS8D52ZhCNKiSou4tuz03+8v5q39Dq2SsfKw6EfRTorpCe6Gq5Tel34jeOJGbJKwh3VZn/CvJoEIVNnLCBqdR8D0YEl3AJ34tanE3hMhRIOuYvVMYgJSnwv71b1ja2C62Y6FkpIBtcEOXvQAueO1BEHFZV2nfQdKhfzDnje1P7RJCQmhCgCSSsWUDYKYWAYCoh2ZOEtPBA2FTyDcTwFST6QLdbm7rgE5dMm6igukBm8tyNiSdNeRiPmWahxKlrRLQAQVAggMXI1E6QtXedZ3DDUQW6z/NNCCpQZTFku5AA+qCNRDuRajCKtKmLnp7FGkS3K9RFVBL6QUgXHsWNY2Mb36CT/0emdJkIChJIDl9SSQpZLUXMPfB2c0YbAQSyHMQjC+PVMmOta9JMztFs50mndZVRcAbRXZWGEhWoaVP4Q2w3dnCSasP+JmRYWYZmmZMShKlUSSxUq5AG5v7w0q4RqpbyCknBLxCtBANR3h9JLUBJD0fib8ou+XdF0ICTQlrGwpTz/tDmS5SiUHCQkkVLVLceN4lYvNEYZCO0UVG3dTUnizsB5kRsV2zmy5NT+J7iEdkGaM66dYp1JSCXL2NG3MWTH9IklZBPkkhiQWrXzEUrpFN7SYAz0I1fRrz5X9YJW2PhVO2AMZiiAzMHDBqBjt7Q3NWVTNSnYhlaUuztT4A+nKPVyCpQAGpuD1LueJO9htHapmgFIfWTQuXQOFfWKqkE22zyfPcFCSVTaA0dk1NCNxT3MQ1SdLBYWx/0kDneJUnAlAdzqvX4tx/vBMYmgcAkUU7aTSxGx5xmunSF9epXIFScA9UmhNHZ9+DkW34x3IlTEqoksPpOw+P2B4JKqO6wBqBsVMKFy4FL8rQ5gsBNWHKTWze9zs28Dkq3NUKfxHk41YDBn9/gNvOHZ2LXMGkj0Av5x0vKVhBUFDV9UFzvbYm3Ac4r0zElKixUGtxpy9oRVWyHd3uWjDZKskPQbNUepFBDeaYVOHQUS2BILuzHy/GGMk6V97SupHGhb0/NYm4rNULJ+bSdn4jyFBeFuTlTHqOm4gPJcdP7VKUFt6mgG5JsQIty88WSESxqP1rOaVgDhMJdMpLBRrcsNgTsBwiz4PChCbVpUDjwfyjJaUxoJtBTL5q/EvxHh934xZsjwyyZk0FkdmpJ4Et9zRXFMEs7gN7bHnvBzo9i5oTNSzyykqD0KdQvW6SIfG0pJMj5Sbxuij9WOVyl5fKVNw4mF1soLX4dZp82SHBe7HlYnyJvUzjB/01KTqGmasfrEpFwaBSxSvAVfzKjtPFPM0w79KsO5cLwyiOQEmemnql/WL/AC5ZJUhQ/wCC8UXFoUOleECj/wCXU1GYdniGHPevptGlZmjSCtvDfy3vyhJxtF8M6dAzBqAJlk1CWAfYvp+8fwwFznCmWSuWK3UirEcWFi8E84y5M9KTZQUFS1jxIUC6VA8jtY1BvEzFSCrvb0HLnTbaOWUbWx2RlplZRZmJ1jWzhKqclaeO1CQQDueMRcTkallS5ZK3Dkm77i9NuO9YmY6SoT5qUuUjvKVpVpCiLPZ2IPrxiPIxEyWwSWetdvrUc1B5+8Io3wdV/QSlaMChMoMZq0al1AIax1HwipAHJ9qh14yashKE61q8JSAEknYEuUpAuol7k3YezMGqesroasov4j9QM7gBnPB2vEibNTJSoJbWQylpFWH0dRBpen2s8K+dzYql+zvsRLczJmuYBUBbSk8dL1WQaE0szCAOe5vLkBzqCiDpSknV5usnSC9h+JiLnGcGV3yzE90OWo9GFS1A6mMVoSTiFdrqWUo3V4iSWoz0BNtuUPGN7vgyUtO0eSQnHKmqUuYTLlqqEhydPhAcMARW1Xq5Ih5M4aRKQVOol3oKue6AxHEPsd3hvR3gCCNO5HeDCml7VL+sGsiyROpM+YqtdKACTW5UB4b78Yd1WwtuOwYyHoqVd5Tk8/KJnSfJZYlgKA8QY7ggXB2/vD+P6YCSjTIluoFnUzMLUBLk8KW5wCy7OVztUzGT06QwSkADmogDvcLOTCeuL73E1Tu+iRk/SaZLUBMVqQHDkAq5AFxSoLl7Q/m+ZpWUse6DWtX4njT7Yr3SDESJi0qkJWAlLHVRJZyCAag8y2waIMufMdXfDNpD1YtQ7/GGarYZQv5UFcZmWqYnQlJoRqUAVDV3SA9LsbfRDNWIOaYbT3CA1iqyQGsCbG28REYxYQw7tAlRB75Dkk15D74ruaYxJdCKg+JTuSRsDuI2MW2GScYo6xONGo9mSAWLu5qApgaEM7ekd5eVoB0OQTuHS/0nfduPCBKIm4fEkRaUaRywnbth4rTMAAUy3PdLj+U8b0vErCzUKGmYkKagNlN+8K3iAuUiYkLSWUzb0KfX1eJHy8ODOQEh6LRdPHU9w1/SOdr6O5P7JmEwIB8YU/8Apr6g0JtVtoIYckH5tSTR0rT3XB2UPCQQQx5xEw2EUwXLaZLJ4Pbk4Y3u0SJElAeqibsogUIpZmZ+e0RlvyXgq4HMbmIUpIWlNqlJJN/pXfeo/sBmZ4aSohSC1XsX9SQxNuH3QWVLTMulg3EGxVYitHPvD2EyhIXRj9gYuGSfX23ho5IpCzxtsAYLo+ZpCkyyphRRoK2N6+jxYsH0dTZR9HYewvf4wcXOI0pDtqrbap2fhUuOcRszWsBQSAVpDsWqNxuHP23g9kpfoyOOMSTL7OUAkBIegHFo8VNI7zUfY1arP7xBVMGnUGY7jmxDtt/aIwxh1UHpWoFS/wCETcqLxx2HMvZaiDqqaAO2zk0s/wBsW3L8OOyIUAQArS29Cx423MVzo5I7QEllv9Gw+NSOXvF2lYciWsm+lX2b/hFvHg5fJnF/0JKHwRiXVfjpIwWmakqImKCayyAkhJYBdUhyosKOSdzCgR0A6HzMZhjNlo1ATFJL9oKgJLDQpiGIqauTwj2PRPDL3iUn/wAWYUlnVh1GgI/yZ4FyXoBUMOUa9OluDGR4pDdK8IGP/wDMq5cfqsR4Q/dHKlXO7nYIUCqkqlTVIKSEOAgsWIKXIfkQfhEkrIII72xrty5wUzLCa0kU9bRVsKtcmZpWB31J1NZJ0Fz5Ege8c81odrg78cvYv2EMXl6ZhU4cKSfiNP8AaM+xcsomFIB06iHY1Z2BJ2DEe1TGhysSyygnyG9q/GKdjUlM1bbKJ4MHvqNg4vEclco6cDdtManTexlgrBeoALMlmCQRapJPsIDY+QTIXMmgkEF2csGqSQXFWFtiKQxPz5PbKCUKmqTRI1J7PVuSQSQEtax1GljELC4yYs6cSsaaAp0nSkagpyAKs9uQd2eESOpIiJymXN0mZMmFOruqU7k+Igu4IuXPEw7OnCUn5vuhgHAFf3QRT3MP4ucEpq3d1GtKVYnh6NAY4kKUFllbhBBZhYniPt+EUScueBG1HjkaWFEsokPUPuDUM97isTJKxLcJUfelbuBePMXi1zS8wVPCg8gB+S0cBLXPmG297iNlRkb7PJk8qOkOqtmv5n2jpKwQ9K1ccOXC0IKSsBm0ncnu0PHk28QEkTB82SoAOKDxbJqQL/mkGldG3XJJnzhqZw+3M2oNyDvyMN47FIlgLU2ojUEbuQwJVs3kYaW0kKVN701Vk6iTT62yUu5ZvKAeImKWorWXUouT+duXKKQgjly5mv7FjMbMmk6lFjsCW/v6vENSYf0wtEX4OJ2+RgJN/wA+kOFQoz83a+7NtHWgiPdCSYxmpEjDYm1WaDeBSqeFJNSA/hclrUcN5xW1SCmH5GMIIIcFNtNCPUROUbWx1YstOpFp6OYiZh9SSxBf5tXu6aWqzefNzmExMmetidJLjS47pD6WN9JDu7tekVfCTu3Sf2ibVIKqChBv+fOJOFAYsEiYCQXYbF6M29vtjmlDe2d8ZqqiWpOCKKyVCYks2khRep2LevOHcpzBK1soEEFrCheg8TNfaKSZKkzNSQlCSzsz02Opi/lw8oK4fPUzPmVYZa0AaQuWtiAAQWUosotpYHgQYX1B7q/IvE+QlgvU58PIkkFzvcNff0iDmq3aYCygACDvUlj7/EwpoNEdoZqKMssbsAQ1bER6iQAAVMkGwe3kbcD/AHhZJ9FIfbA6tQUvTYh2J7r0fS2z+lYlZRJ7Z5aVJSR3SFFlE0UGG4YH4xV88zFcqapCFJWAVJSogsEvZgQ7ceKeDRP6LYdcxCUeIhTvUnTQMW+/hDSxUrKePk1zpOq3s0zIcEtDBSbbiLjXs1g/VVf90xTMgllJYBaW5/hf0i7KJ7Jbv4TfyMdmCKUdjyf+k257mNdTuZypOX6VYgIJmrUUsC1EjZ9hux5MxKg71QZdNRlckieUiYVrCUpsCopqSS57ps1Go7kqLHlgeVikzOl0spUFBKFIJSXAUnDTNSb3CncbRtsYB0ZJPSpBJQdQWRo8ABwqiAA5ahD2qTQRv8YwPCIr3SjLCtGpBIKSFd0d4hJBIG+1hFijlSXjGk1THhNwdooOAxiVK7TvOQU8C+prWL3DcrRXOlM7ErW0uWEy2ClkMoqa4cgDbw+UXrOMo0qMyWkVLq4ni35q0AVyVAJ3UCQU7Wu43p6ao4ZwcHTPWw5Iy+SKBLwIw4VNEwSwWBUotx47m7DhDeMxfZFMwJCwsak95t2L90lwQacX5Nx1hYPFTZ6ZUoKMmcoBMsAECYhzsHBqTTZ3hnM8OJMtEkHUJY0CtSSpRV7zCo734QOKSTvk6I5pSk41SQHxOKXMJ1Al99Rr6W2iXg5DAk/35/CHESaUCX3pSlD51juaq1gdk2G/E0rSGsxR7GhiWNDsePmbekMTcToSSs6fqg+InlWrb8IdwmH1LrqL3AuP4qvceddolS8sCe/PVqUGAcFOpDlmDBy5f0Lw9KxG3QKTiNYACktpUFjS5Zn7pVuahtmvD8jGKBJRLQk00kXS3Ojn2tEvDYSmkAVurSApXB2sLUH9oJ4TKH2jsx+Nq5RwZM7T+LKv8gJLlyTcm/rxj05STtF/w2RvtBKV0cfaOteIc3sMqXlKuENnLFcI2FPRocIj4jo0OELLxfoaORGQTMGRDC5EabjejvKAGMyRrCOaeKUS0aZTi4DEOI5Ck7uOf3wZxOBbaBM9AO0RKaWzqUkKN/V6mHsNi9JYkHzHm1YH9mRaHpcwEjWPWFaHi2iwKzoJY6Fk/SDhq3Yu7fhEzC57JICtDEeJBcKVQgsQ4N3dXDaAuG1EpBUFJNC7PalT98SF4JqM/AgxJpcHTFye5ZsP0qw0uX3UKWQCUpKTqBKXYksm5YtwLPAhGPxuYTAlLpTsEhQQkc1XPvXhAko/Jv8AGLT0PzMgdmo0TVPk9R7mLYIQlKpC5nOrRZcB0DkKSgLckAAkUBblsHgvLyROCmSk17FdAdTaVirWqCK+iuFZeVY4FoKZ1IViJGlB76Fa0jZRAUNJOz6r8Wj0PJwx0pwXByePnlDJUns9mMSsTLSv9YfJNfiWiwjEpMtTP4SK+R4Rn2CzZCmSsFJFiR3nFwWsQaekH8rzIFJGp+6fKxEees0XKkzs8vw5abp7HnVkkJyrBgP+qeoapUon0c33vCiJ1XKCsqwhKj4CKqBstYpwFLbQoseGUXIJyV9LdSfCTMA/gwykV4eF2NaiN9j596J5f2HSlMutDNVVes9+QtXiNd96+d4+goxgKFChRgDc5DiKBjkKROXrDaVFSQ4OqWSAlTJcj14+caHAvNstE1NyDsR6fCEyY/Yq7Ojx8vrluUZOLliYtMwBlUGsAh2DBI2DJ+EUTpGtKpswAIPAAGhYNpY8Ra3vFszyUBModV0gAEeHSkOomzhVB78anjJspBBmAgk2ALgORZrFto5dVOn0ezCCrV9g5E0pfWHZqtStm/D4Q1IzB57pWSiz6QSrZmL6R5tE/EYUThq1fNkklJ1JKGIrs+5HEE8IlyMIqYRoSGFlFIf0paKwg5OoolOaju3sOYULkXlS9VSACKanu5qXaoGx4x2jATJytS6k1/H158oN5R0ZNKRcctyBgKR6WHxo41czzs/kuey4Kjl+Q8osOCyJtotMjLUjaJaMMBF35EY7RONtsB4fKwNonS8CIJJlx3oiEs8mLQO+SDhDM7AgwX0QuzhVma7NKpjMsfaK9mGT8o0hcgRCxOXgxVZoy2kUjNoxfPMiVpVpG0UOdINi4bYi0fRmKykHaK/mfRSVN8SA/Gx9xE8nj6t4s7cXkJcmHTZQvRjVgTTlXhDIlOY1TFdAZYqH/GISuhwT9ExzvBNdHR7ISRQUyCLRNwmNI7qna19otk3oydohzei6jtE3jfaCMq4A86Wkihr+bxzkxCVkjYN+P2QTV0Ymji0dycpUmjQijKLL2pBjLs2KYsuCz7nFH7FSYewizqqbVi8fJkhJeOmGc+SErMyX4Vkak8FcfItXnXekjLcUyO0UWSxA4ktYRWsRiVEngYa7VV3JYN6Vp9nvHnZ4J5NcT2PFyLJh9M3v0/0aT1NFAynDuAS63oP2imtya9YUM9TgT/0mQwD6pj+farv6NCj0rPjGBhg+z6V4csGXKWQalR+ZmuVEpD8AHUyQkOAABssYt04z+Tl+dYPFThrTLRNSoSgDM70tkhQUoVBW/kblmBT9PWXfsMX/ACSv6sYwNVhRlX6esu/YYv8Aklf1YX6ecu/YYv8Aklf1YygNVhGMq/T1l37DF/ySv6sL9PWXfsMX/JK/qwUBeOkGQJnhwwWKjnyMZ3neV4hawmdKL+FJ0hQBLAAKa5IBIB3iZ+nrLv2GL/klf1Y8PXxlv7DF/wC3K/qwksakdeHzJ41XIeybq/lIQO176nJLmjnk8HpHRySmyRFEHXzl37DF/wAkr+rC/T1l37DF/wAkr+rFoycVUSE8kpu2zS5OAQmwiQlAEZZ+nrLv2GL/AJJX9WF+nrLv2GL/AJJX9WMcpPkmao0Joy5PXrl5qMPjDt+rl3/3YeT11YM2wmPP/so/qRm4GmQozQdc+ENPkWYf7KP6keHrpwlf8Hj6Eg/MooRQg/OXBjKA0yFGYzOu3BJDnCY4C1ZSBX/dhS+u3BKISnCY4qLMBKQSdXhYCbvtBQGnQoy89eGBt8lxz/8ApS+f/d5H2McDr1y9n+T4xnZ+zls5dg/a3ofaADUFSgYZXgwYzT9POXfsMZ/JK/qx7+nfL2fsMY1n7OWz8P1t6H2hlJoDQ15aDDC8nSdooI6+cu/YYz+SV/Vj39PGX/sMZ/ty97f5sOsszdTLmvIhwhKyFPw4fCK7P63cIiXLmHD4oiYHSlCZK16T9JQRNOitGUx5UMRj11YNtXyPHtZ+xQz7B+0vG+6Q3skHp2Q8oGYro+qrJ/P3wwnrfwyiQMBmJKQ6gMOlwDYn5ygjmf1r4ZL6sBmSWFXw6QwVQO8yjwPIpcorHyJIjL6OPLmKUCCkApsxdQSX33PtAk5CsvpQT5eT04lqsIK4jrOwrKBwGYiiUl8OkMS2gH5zdgwiDO6y8HpAODzAMSpJ7FI8QH/c5C0TcIM6Y+ZXIJXk0xnCCQW/+VE0uATY2MNzej85iDLVdQ2fUiqhfxAbXblHeL60sAdXzOKBUhMtTol2Tpq3aXZIpHK+tTAFZV2WJrOXN8Ev/MSzfrNjEvUij8z6LN1E4knK2SgnTOmAnULnSqne4KHCPYg9R0+cMuUJZRp7dbakqJ8KL6S32+cKKnlhXO8ukzJC5kyVLWv5NN76kJKu7LSU94h6GogRjsqkIwiJiZEpKwlZChLSFOmavSXAdwwbg0KFAYGsXkmGM6STh5JJqSZSXJ7ZFSWqYo8vKpHyKcewlO0+vZpfuzgE1bYW4QoUAAbO8tkpV3ZMsf4cqohI72qXW16mvOAXRfDIUJmpCVeC6Qf8yXx8zChQAaqjIMJrk/4WRVSX+aRWib0iFLyTDfLJifk0nSAhh2SGD4hYLBqUpChQAWrqvyHCry+UpeGkKUVTQVKlIKiBOmgOSHLAD2i3zMow6UrSmRKCS7gS0gHzAFbn3hQoAOZmClmY/ZofSoeEW4WtyjnDZdJVMU8qWe6g1Qk1SVsbXG0KFAB7i5CdQGlLOCzC5UkE+bEjyMPSlnUKn35QoUAHcw/fDU+iQBQcBat4UKAAZ0glJVh5oUkKBe4fw95N+CqjnWGsPhUGRJBQkjUQxSGZ1U8oUKAAnIlJLqKQS7ORVnVR/wCJX8x4xAxOXyRNloEqWEaVDToGlkmWUhmZgSWGzmFCgArHT7AyuyxZ7ND/ACZZfSHdKpunbbaJ/RDKMONJEiUP8NJVSWnxaRW16mvMwoUAD/Sc6J0nR3XmEHTRxpFKbR5lODl9liT2aHKr6Q/6pAu3An3MKFABZMNKTLSlEtIQhIACUhkgAUAAoBD61FvzxhQoAIyVHVc/lofwniV6fYYUKADzE1Z6wpKzqufeFCgA5nyE6T3U24COcRlklMlWmTLHzarISNieHGsKFABxkODlypKUy5aEJuyEhIfiw3hQoUAH/9k=",13
Kaju Katli ,"This dessert has a fanbase of its own, once you start eating this popular sweet dish you won’t be able to stop! Yes, that is exactly how delicious Kaju Katlis are","2 cup powdered cashews
1/2 cup water
2 teaspoon ghee
4 inches silver vark","Step 1
Here’s how you can prepare kaju katli at home, without putting in much efforts. To prepare this delicious dessert, grind the cashews to a smooth powder. Then prepare the cashew paste by adding little water, ensure that the paste is thick in consistency. Take a shallow pan and heat in on medium flame and add some water in it. Add sugar and stir continuously until it is fully dissolved.

Step 2
Bring the syrup to a boil until it reaches to one string consistency. When the sugar syrup is ready, add the cashew powder and stir well. Stir this mixture for about 5-10 minutes or till it starts to thicken and remove it from the flame. If you want to add your own twist to this traditional recipe add a pinch of cardamom powder, this will give nice a flavoursome twist to this traditional dish.

Step 3
Then transfer this cashew paste to a large plate or bowl and allow it to cool slightly. When it has cooled enough, then knead the mixture well. Flatten the dough (you can use a rolling pin). Grease a plate with ghee and transfer this cashew dough on it.

Step 4
Using a rolling pin, gently roll until the dough has evenly spread out on the plate. Allow it to cool completely and cut the dough in small diamond shapes. Serve with savouries and delve into the indulgent flavours of this sweet dish.
",Indian,Veg,http://www.ndtv.com/cooks/images/Zaffrani%20Kaju%20Katli.jpg,20
Modakalu,A Modakalu or modak is a sweet dumpling popular in India and is usually made during the auspicious festival of Ganesh Chaturthi.,"1 cup rice flour
1 cup grated coconut
1 dash powdered green cardamom
1/4 teaspoon salt
1 cup powdered jaggery
1/2 teaspoon sesame oil","Step 1
To prepare this delicious recipe, take a pan and add grated coconut in it. Dry roast the coconut and keep it aside. Now, take another pan and add 1 cup water in it. Bring it to a boil. Then, add jaggery and allow it to dissolve. When the jaggery mixture starts to thicken, add the roasted coconut.

Step 2
Mix well and bring the flame to medium-high. Then, add cardamom powder and stir well. After a few seconds, turn off the flame, remove and keep the mixture aside. Now to prepare the dough, add rice flour in a bowl and add 1 cup of hot water in it. Add sesame oil and salt.

Step 3
Stir the mixture well and make sure that it is free of lumps. The dough should not be too tight. Now, take a portion of the dough and with the help of a rolling pin, shape them into small cups. Add a spoonful of the coconut-jaggery filling and close the edges of the dough by using your hands. Cover and then steam cook the modaks until done. Once done, transfer these little delights on a serving plate. Serve!
",Indian,Veg,https://s3.india.com/wp-content/uploads/2019/08/Modakalu.jpg,9
Jalebi,"Jalebi is a popular Indian dessert made with maida and sugar syrup. Served during festivals and special occasions, this traditional dessert recipe is loved not just by kids but adults too.","3 cup all purpose flour
2 cup thickened yoghurt (curd)
1/2 cup ghee
3 cup sugar
5 strand saffron
1/2 teaspoon powdered green cardamom
1/2 cup corn flour
1 1/2 pinch baking soda
2 cup sunflower oil
3 cup water
4 drops rose essence
1/2 teaspoon edible food color","Step 1
For making this easy dessert recipe, mix maida, corn flour and baking soda in a bowl. Now, add ghee and orange food colour in the above mixture. To make a thick batter, add curd and water. Mix well until it is thick but has a pouring consistency. Keep it aside for 8 hours or overnight. 8-10 hours. To make the sugar syrup, heat water in a pan over medium flame. Add sugar and mix until fully dissolved. Simmer the syrup until it attains one string consistency. Add saffron, cardamom powder and rose essence. Stir well.

Step 2
Now heat oil in a pan over medium flame for deep frying. Now fill the jalebi batter in a muslin cloth and pierce a small hole in the cloth. Squeeze the muslin cloth to make concentric circles. Move from inside to outside to make perfect circles. Fry till jalebis are crisp and golden.

Step 3
Soak the jalebis in sugar syrup for 2-3 minutes. Ensure that the sugar syrup is warm and not very hot. Now remove from the syrup and place on a tray lined with butter paper or foil. Decorate with silver foil and serve the jalebis hot, warm or at room temperature with creamy Rabri.",Indian,Veg,http://media.webdunia.com/_media/hi/img/article/2018-03/15/full/1521099671-8912.jpg,11
Hummus Platter,"An Ultimate Hummus Platter for your Holiday Celebrations... with Pita, Veggies, Pickles & Feta Cheese…! Plus, The Secret to make the World’s Best Creamiest Hummus… Let’s Party…!!  ","1 cup dry chickpeas
2 cups water
2 garlic cloves (roughly chopped)
6 tbsp tahini sauce
1 lemon squeezed (plus more if needed)
6 tbsp olive oil (plus more)
6-8 tbsp reserved liquid (or water)
Salt and pepper
Paprika / pepper (a pinch to garnish)
Platter ingredients: carrot, cucumber, cherry tomatoes, feta cheese, pickled olives, crackers, pita.","Soak chickpeas overnight to rehydrate and increase its volume. Drain and rinse well before cooking.
Pressure cook the washed chickpeas with a pinch of salt and water, for 3 whistles. Take the cooker off the flame, and allow it to rest till the pressure subsides. Take of the lid and reserve some of the cooked liquid, drain the rest.
Remove the skin of the cooked chickpeas (Optional, preferred for a creamier consistency).
Combine chickpeas, tahini, lemon juice, olive oil, reserved liquid, salt and pepper in a food processor. Blend until smooth and creamy.
Sprinkle paprika or pepper and serve with a drizzle of olive oil.","Mediterranean
",Veg,http://forthosewhosavor.com/hummus-veggie-platter/36593841006_6ed3995443_k/,15
 Italian Sausage Pizza ,"Elk Italian Sausage Pizza With Ricotta Cheese, Sautéd Mushrooms and Onion might be a good recipe to expand your main course repertoire.
","1 pound italian elk sausage
7.5 ounces ricotta cheese
1 cup tomato sauce
1 large shallot
4 cloves garlic
½ white onion
1 cup mushrooms
some basil
some fresh oregano
some tomato
some parmesan cheese
1 large pizza crust
","Heat iron skillet on medium-high heat and cook elk Italian sausage until brown. Remove from heat and set aside.
Add 3 tablespoons of grape seed oil to the skillet. Sauté minced garlic cloves and diced shallot in pan until they begin to soften and brown. Add sliced ½ onion, sliced mushrooms and fresh oregano leaves to garlic and shallot mixture. Stir and continue to sauté until onions become translucent and soft. Generally about 10-12 minutes. Remove from heat when ready.
Heat oven to 400 degrees.
I like to take the left over oil from the pan and brush the top and bottom of my pizza crust. Place pizza crust upside down on cookie sheet and place in oven for about 5-6 minutes or until the top of the pizza crust begins to brown. Remove from oven.
Turn pizza crust right side up and cover the top of the crust with the ricotta cheese. Add tomato sauce, top with elk Italian sausage, and add mushroom and onion mixture and then top off with chopped basil and fresh grated parmesan cheese.
Place in oven and bake approximately 12-14 minutes or until cheese is melted. Remove from oven and enjoy.","Italian
",Non-veg,https://webknox.com/recipeImages/642371-556x370.jpg,3
Rotini Pasta Salad," Perfect for several occasions and special events, the Rotini Primavera Pasta Salad would be a total hit during kitty parties, birthday parties, game nights, anniversary parties or a special family gathering. ","1 cup pasta
1/2 teaspoon salt
1/4 cup carrot
1/4 cup red onion
100 gm asparagus
1/2 cup parmesan cheese
2 chopped tomato
4 tablespoon virgin olive oil
1/4 teaspoon black pepper
1 cup celery
300 gm peas
1 teaspoon garlic
1 teaspoon lemon juice

","Step 1- Cook the pasta til al dente
To make this super yummy salad, cook the rotini pasta in a pan till al dente. After it is cooked nicely, rinse it under cold water and drain. This will prevent it from sticking or clumping. Keep the cooked pasta aside. Then, heat a pan with olive oil in it and cook all the veggies and once cooked, give them an ice bath.
Step 2- Prepare the dressing and pour it over pasta and cook with veggie for 2-3 minutes
In the meanwhile, in a large-sized mixing bowl, olive oil, lemon juice, pepper and salt along with red onion. Add the pasta in the pan and toss well. Cook for 2-3 minutes and grate mozzarella cheese over it. Serve hot.
",Italian,Veg,https://bg-foods-mrs-dash.s3.amazonaws.com/_image_crops/recipe/main_image/16513043-6f48-4809-8b23-9b0a43fa5e9e__1fca8da8-71e5-439f-adb1-7a12514964fd__crop.,12
